[
  {
    "id": 1,
    "priority": 1,
    "action": {
      "type": "block"
    },
    "condition": {
      "urlFilter": "*://*.doubleclick.net/*",
      "resourceTypes": ["script", "image", "xmlhttprequest"]
    }
  },
  {
    "id": 2,
    "priority": 1,
    "action": {
      "type": "block"
    },
    "condition": {
      "urlFilter": "*://*.googlesyndication.com/*",
      "resourceTypes": ["script", "image"]
    }
  },
  {
    "id": 3,
    "priority": 1,
    "action": {
      "type": "block"
    },
    "condition": {
      "urlFilter": "*://*.facebook.net/*",
      "resourceTypes": ["script", "image", "xmlhttprequest"]
    }
  }
]

